{"Total Iteration Time":12.849265099968761,"Value Function Loss":NaN,"PPO Batch Consumption Time":0.6168521642684937,"Policy Reward":NaN,"Mean KL Divergence":177.84157562601234,"_step":0,"Timesteps Collected":100006,"Policy Update Magnitude":0.41962388157844543,"_runtime":18,"Overall Steps per Second":7783.013209077859,"Collected Steps per Second":9806.094930352992,"Cumulative Model Updates":2,"Cumulative Timesteps":100006,"Timestep Consumption Time":2.6509138999972492,"_wandb":{"runtime":18},"_timestamp":1.757457984749223e+09,"Timestep Collection Time":10.198351199971512,"Value Function Update Magnitude":0.3556939363479614,"Policy Entropy":0.17641109973192215,"SB3 Clip Fraction":0.4994199872016907}