{"Overall Steps per Second":7378.02301009752,"Timestep Consumption Time":3.9112104000523686,"_wandb":{"runtime":1532},"Cumulative Model Updates":556,"Policy Entropy":0.8518592665592829,"Collected Steps per Second":10370.526044848784,"_runtime":1532,"Value Function Update Magnitude":0.044117771089076996,"Timesteps Collected":100004,"Cumulative Timesteps":9600768,"_timestamp":1.7575279041871643e+09,"Policy Reward":641.4317219802862,"SB3 Clip Fraction":0,"_step":98,"Value Function Loss":0.015212792747964462,"Timestep Collection Time":9.643098100088537,"Total Iteration Time":13.554308500140905,"PPO Batch Consumption Time":0.45764251550038654,"Policy Update Magnitude":0.022671153768897057,"Mean KL Divergence":0.00020908915515368184}