{
    "cumulative_timesteps": 4000326,
    "cumulative_model_updates": 230,
    "policy_average_reward": 459.737021576397,
    "epoch": 39,
    "ts_since_last_save": 1000068,
    "reward_running_stats": {
        "mean": [
            0.6435068845748901
        ],
        "var": [
            41307.94140625
        ],
        "shape": [
            1
        ],
        "count": 6000
    },
    "obs_running_stats": {
        "mean": [
            1.82043876861826e-07,
            -2.126425613369065e-07,
            93.9146728515625,
            5.661004109924761e-09,
            3.5344667193015766e-09,
            0.002709675347432494,
            1.0980397840976153e-10,
            7.028166243427947e-11,
            0.13203065097332,
            59.45622253417969,
            -105.22860717773438,
            104.85305786132812,
            -0.0035410993732511997,
            0.008151019923388958,
            0.0013425237266346812,
            -0.0012023398885503411,
            -0.0004294458485674113,
            0.21718348562717438,
            0.1880583018064499,
            4.710835933685303,
            -0.08669722080230713,
            0.020012803375720978,
            0.02580571174621582,
            -0.00571490079164505,
            2.937366247177124,
            -59.460289001464844,
            105.212890625,
            0.3684823215007782,
            -4.8947025987899906e-08,
            4.190941638171353e-08,
            -0.08889863640069962
        ],
        "var": [
            1638357270528.0,
            3375258927104.0,
            216439200.0,
            7397646848.0,
            7136549888.0,
            341047104.0,
            514348.53125,
            648736.75,
            651736.6875,
            3052825477120.0,
            6227831029760.0,
            6724821504.0,
            218415.484375,
            230267.828125,
            122679.2421875,
            160035.84375,
            155250.359375,
            229172.359375,
            159500632064.0,
            164559552512.0,
            23092674560.0,
            4751076.0,
            4889432.0,
            1464121.125,
            101371080.0,
            3084700614656.0,
            6294375759872.0,
            6787318784.0,
            163389603840.0,
            168769519616.0,
            23111618560.0
        ],
        "shape": [
            31
        ],
        "count": 571514
    },
    "wandb_run_id": "wkdb3ydi",
    "wandb_project": "rlgym-ppo",
    "wandb_entity": "alexfiddament-none",
    "wandb_group": "unnamed-runs",
    "wandb_config": {
        "n_proc": 20,
        "min_inference_size": 18,
        "timestep_limit": 1000000000,
        "exp_buffer_size": 300000,
        "ts_per_iteration": 100000,
        "standardize_returns": true,
        "standardize_obs": true,
        "policy_layer_sizes": [
            2048,
            2048,
            1024,
            1024
        ],
        "critic_layer_sizes": [
            2048,
            2048,
            1024,
            1024
        ],
        "ppo_epochs": 2,
        "ppo_batch_size": 100000,
        "ppo_minibatch_size": 50000,
        "ppo_ent_coef": 0.01,
        "ppo_clip_range": 0.2,
        "gae_lambda": 0.95,
        "gae_gamma": 0.99,
        "policy_lr": 1e-05,
        "critic_lr": 1e-05,
        "shm_buffer_size": 8192
    }
}