{"Timesteps Collected":100002,"Cumulative Timesteps":5000522,"Value Function Update Magnitude":0.044124018400907516,"_step":49,"_runtime":503,"SB3 Clip Fraction":0,"Policy Reward":8.501117365287191e-05,"Total Iteration Time":10.044157100026496,"Value Function Loss":1.641259988149007,"Mean KL Divergence":0,"Overall Steps per Second":9956.236148450545,"Policy Update Magnitude":0,"Timestep Collection Time":5.981066600070335,"_wandb":{"runtime":503},"PPO Batch Consumption Time":0.43452584743499756,"Timestep Consumption Time":4.063090499956161,"Cumulative Model Updates":290,"Collected Steps per Second":16719.76031813858,"_timestamp":1.7573853306891758e+09,"Policy Entropy":0}