{
    "cumulative_timesteps": 5000402,
    "cumulative_model_updates": 290,
    "policy_average_reward": 502.5863742048145,
    "epoch": 49,
    "ts_since_last_save": 1000076,
    "reward_running_stats": {
        "mean": [
            0.6834558844566345
        ],
        "var": [
            42159.08203125
        ],
        "shape": [
            1
        ],
        "count": 7500
    },
    "obs_running_stats": {
        "mean": [
            7.83682310157019e-08,
            -3.243457342705369e-07,
            93.91183471679688,
            3.2333287158792245e-09,
            4.0101015841287335e-09,
            0.003503684187307954,
            9.928010497040063e-11,
            4.670904635295514e-11,
            0.07055734097957611,
            35.27669143676758,
            -107.59444427490234,
            104.24154663085938,
            0.0056218733079731464,
            0.0026912319008260965,
            0.0012317809741944075,
            -0.0011878841323778033,
            0.00032837240723893046,
            0.21663330495357513,
            -0.5274432897567749,
            4.726751804351807,
            -0.057024843990802765,
            0.020514128729701042,
            0.018772941082715988,
            0.0021884196903556585,
            2.9334425926208496,
            -35.28034210205078,
            107.59878540039062,
            0.006365552078932524,
            -2.2746677430518503e-08,
            3.0212383705929824e-08,
            -0.06470049917697906
        ],
        "var": [
            2057173073920.0,
            4403701481472.0,
            237328048.0,
            8580469248.0,
            8084682240.0,
            399522016.0,
            584749.25,
            735746.6875,
            910873.375,
            3893630861312.0,
            7705680412672.0,
            8127310848.0,
            272452.375,
            288657.625,
            153054.84375,
            200200.71875,
            193684.28125,
            286799.03125,
            198849773568.0,
            205715619840.0,
            28625211392.0,
            5947904.0,
            6155952.5,
            1835062.75,
            126635224.0,
            3917657407488.0,
            7890107629568.0,
            8200922112.0,
            200286044160.0,
            208365273088.0,
            28553531392.0
        ],
        "shape": [
            31
        ],
        "count": 714382
    },
    "wandb_run_id": "wkdb3ydi",
    "wandb_project": "rlgym-ppo",
    "wandb_entity": "alexfiddament-none",
    "wandb_group": "unnamed-runs",
    "wandb_config": {
        "n_proc": 20,
        "min_inference_size": 18,
        "timestep_limit": 1000000000,
        "exp_buffer_size": 300000,
        "ts_per_iteration": 100000,
        "standardize_returns": true,
        "standardize_obs": true,
        "policy_layer_sizes": [
            2048,
            2048,
            1024,
            1024
        ],
        "critic_layer_sizes": [
            2048,
            2048,
            1024,
            1024
        ],
        "ppo_epochs": 2,
        "ppo_batch_size": 100000,
        "ppo_minibatch_size": 50000,
        "ppo_ent_coef": 0.01,
        "ppo_clip_range": 0.2,
        "gae_lambda": 0.95,
        "gae_gamma": 0.99,
        "policy_lr": 1e-05,
        "critic_lr": 1e-05,
        "shm_buffer_size": 8192
    }
}