{"Policy Reward":NaN,"Value Function Update Magnitude":0.3613572418689728,"Cumulative Model Updates":2,"PPO Batch Consumption Time":0.6153910160064697,"_runtime":18,"Overall Steps per Second":6745.596817663474,"Collected Steps per Second":8213.487944433993,"Policy Update Magnitude":0.4220156669616699,"Timestep Collection Time":12.176799999782816,"SB3 Clip Fraction":0.4998849928379059,"Policy Entropy":0.027827993035316467,"Timestep Consumption Time":2.649760600179434,"_timestamp":1.757458216762962e+09,"_wandb":{"runtime":18},"Cumulative Timesteps":100014,"_step":0,"Total Iteration Time":14.82656059996225,"Timesteps Collected":100014,"Mean KL Divergence":225.37609863664463,"Value Function Loss":NaN}