{
    "cumulative_timesteps": 9000722,
    "cumulative_model_updates": 520,
    "policy_average_reward": 824.6282123380712,
    "epoch": 88,
    "ts_since_last_save": 1000056,
    "reward_running_stats": {
        "mean": [
            0.8454095965727977
        ],
        "var": [
            55699.065829511914
        ],
        "shape": [
            1
        ],
        "count": 13500
    },
    "obs_running_stats": {
        "mean": [
            1.7178531834744284e-07,
            -7.46268590100501e-07,
            94.24095447173246,
            4.092073097588818e-09,
            1.1113176140914232e-09,
            0.003401527490834748,
            5.5340810833193e-11,
            3.1146124351704894e-11,
            0.009586624676146427,
            10.566154470673291,
            -74.87038883855328,
            102.3984949120118,
            -0.0036324031354497024,
            0.003825465031035617,
            0.0037574164555584278,
            -0.00088652839873491,
            0.0007084839447433582,
            0.20954518608955552,
            0.2972500311147801,
            5.521793755345908,
            0.08402793267868766,
            0.01179528105616729,
            0.01896811239919373,
            0.0003563652710094386,
            2.9309223641787066,
            -10.583502163675687,
            74.850945597222,
            -0.3449734317214397,
            -2.597229638114421e-08,
            3.397262611254826e-08,
            0.07045150568113961
        ],
        "var": [
            4033383211694.9624,
            7576019640489.269,
            365125434.4281268,
            12756357851.771303,
            12847422707.138197,
            644730138.8113009,
            984507.6349884731,
            1096588.5686613105,
            1863616.1402654068,
            7033324658844.828,
            13715668443160.889,
            13993696819.811268,
            491666.7193749189,
            517276.3981123188,
            276339.35228303616,
            360719.30396350176,
            349678.08046409494,
            518508.53386560694,
            354828803370.5604,
            374965090847.88293,
            49939131532.639595,
            10840667.022697413,
            11182258.234561794,
            3395644.014581906,
            230399473.10089308,
            7263578150506.384,
            13776968425272.377,
            13877654458.740662,
            353040642582.2091,
            374127183748.59845,
            49540308266.828995
        ],
        "shape": [
            31
        ],
        "count": 1285856
    },
    "wandb_run_id": "wkdb3ydi",
    "wandb_project": "rlgym-ppo",
    "wandb_entity": "alexfiddament-none",
    "wandb_group": "unnamed-runs",
    "wandb_config": {
        "n_proc": 20,
        "min_inference_size": 18,
        "timestep_limit": 1000000000,
        "exp_buffer_size": 300000,
        "ts_per_iteration": 100000,
        "standardize_returns": true,
        "standardize_obs": true,
        "policy_layer_sizes": [
            2048,
            2048,
            1024,
            1024
        ],
        "critic_layer_sizes": [
            2048,
            2048,
            1024,
            1024
        ],
        "ppo_epochs": 2,
        "ppo_batch_size": 100000,
        "ppo_minibatch_size": 50000,
        "ppo_ent_coef": 0.01,
        "ppo_clip_range": 0.2,
        "gae_lambda": 0.95,
        "gae_gamma": 0.99,
        "policy_lr": 1e-05,
        "critic_lr": 1e-05,
        "shm_buffer_size": 8192
    }
}