{
    "cumulative_timesteps": 6000508,
    "cumulative_model_updates": 350,
    "policy_average_reward": 753.8312600341301,
    "epoch": 59,
    "ts_since_last_save": 1000106,
    "reward_running_stats": {
        "mean": [
            0.7086572647094727
        ],
        "var": [
            44041.828125
        ],
        "shape": [
            1
        ],
        "count": 9000
    },
    "obs_running_stats": {
        "mean": [
            1.480352551652686e-07,
            -5.128761131345527e-07,
            94.03721618652344,
            2.132118481767975e-09,
            3.5915690421717272e-09,
            0.0026144147850573063,
            8.462768680272958e-11,
            4.2119099874504684e-11,
            0.02988697588443756,
            49.850643157958984,
            -142.2766876220703,
            104.15699005126953,
            0.0018953243270516396,
            0.0017643041210249066,
            0.0021822138223797083,
            -0.0011301646009087563,
            0.0012017051922157407,
            0.21512219309806824,
            0.20385980606079102,
            4.949706554412842,
            -0.0581379272043705,
            0.02304758131504059,
            0.022739076986908913,
            0.0008216910646297038,
            2.9567298889160156,
            -49.851806640625,
            142.28329467773438,
            -0.5906102061271667,
            -3.38405818922638e-08,
            2.174330937521063e-08,
            -0.04775752127170563
        ],
        "var": [
            2557443571712.0,
            5379882745856.0,
            258778528.0,
            9412296704.0,
            9039641600.0,
            448895232.0,
            665352.9375,
            822554.1875,
            1178794.625,
            4674003402752.0,
            9195463114752.0,
            10178617344.0,
            327783.25,
            345605.9375,
            183563.828125,
            240032.8125,
            232813.953125,
            344487.15625,
            237400965120.0,
            248427397120.0,
            34276442112.0,
            7171481.0,
            7391110.0,
            2207399.75,
            153985952.0,
            4757043806208.0,
            9424842260480.0,
            10031457280.0,
            238519943168.0,
            249136955392.0,
            33891471360.0
        ],
        "shape": [
            31
        ],
        "count": 857254
    },
    "wandb_run_id": "wkdb3ydi",
    "wandb_project": "rlgym-ppo",
    "wandb_entity": "alexfiddament-none",
    "wandb_group": "unnamed-runs",
    "wandb_config": {
        "n_proc": 20,
        "min_inference_size": 18,
        "timestep_limit": 1000000000,
        "exp_buffer_size": 300000,
        "ts_per_iteration": 100000,
        "standardize_returns": true,
        "standardize_obs": true,
        "policy_layer_sizes": [
            2048,
            2048,
            1024,
            1024
        ],
        "critic_layer_sizes": [
            2048,
            2048,
            1024,
            1024
        ],
        "ppo_epochs": 2,
        "ppo_batch_size": 100000,
        "ppo_minibatch_size": 50000,
        "ppo_ent_coef": 0.01,
        "ppo_clip_range": 0.2,
        "gae_lambda": 0.95,
        "gae_gamma": 0.99,
        "policy_lr": 1e-05,
        "critic_lr": 1e-05,
        "shm_buffer_size": 8192
    }
}