{"Policy Entropy":1.0524865686893463,"SB3 Clip Fraction":0.02752666602221628,"Cumulative Model Updates":476,"PPO Batch Consumption Time":0.44682995478312176,"Policy Reward":1064.5132834471624,"Timesteps Collected":100010,"_timestamp":1.7574717898228612e+09,"Overall Steps per Second":5992.443744739166,"Total Iteration Time":16.68935150001198,"Policy Update Magnitude":0.06540019810199738,"Value Function Loss":0.026128236359606188,"Timestep Collection Time":12.21335280011408,"Value Function Update Magnitude":0.057811953127384186,"Mean KL Divergence":0.0026809820459069065,"_runtime":1254,"Collected Steps per Second":8188.578651315619,"_step":80,"_wandb":{"runtime":1254},"Timestep Consumption Time":4.4759986998979,"Cumulative Timesteps":8100676}