{"PPO Batch Consumption Time":0.4878123601277669,"Value Function Update Magnitude":0.05163188651204109,"Value Function Loss":109.70672671000163,"Cumulative Model Updates":480,"_step":82,"SB3 Clip Fraction":0.20237832609564066,"Mean KL Divergence":0.01354399414655442,"Total Iteration Time":16.785496599972248,"Timestep Collection Time":12.568530099932104,"_wandb":{"runtime":1294},"Policy Update Magnitude":0.2017439901828766,"Cumulative Timesteps":8300706,"Collected Steps per Second":7958.448538110303,"Overall Steps per Second":5959.073024992622,"_timestamp":1.7575204847014768e+09,"Timesteps Collected":100026,"Policy Reward":994.1704965458736,"Policy Entropy":0.9590171178181967,"Timestep Consumption Time":4.216966500040144,"_runtime":1294}