{"Policy Update Magnitude":0.04281085357069969,"Policy Entropy":0.8448490848143896,"Collected Steps per Second":9011.758538228121,"Total Iteration Time":15.305352000053972,"_timestamp":1.7574704222047017e+09,"Value Function Update Magnitude":0.06418979167938232,"Overall Steps per Second":6534.315577952558,"Mean KL Divergence":0.00041974723717430606,"Timestep Collection Time":11.097722999984398,"Cumulative Model Updates":108,"_wandb":{"runtime":286},"Policy Reward":1720.2051791334968,"Value Function Loss":0.02836963643009464,"PPO Batch Consumption Time":0.43990182876586914,"Timestep Consumption Time":4.2076290000695735,"Cumulative Timesteps":1900202,"_runtime":286,"Timesteps Collected":100010,"SB3 Clip Fraction":0.00012999999610959398,"_step":18}