{"_wandb":{"runtime":1538},"Total Iteration Time":13.554308500140904,"Cumulative Model Updates":556,"Mean KL Divergence":0.00020908915515368184,"Value Function Loss":0.015212792747964462,"Timestep Collection Time":9.643098100088537,"Cumulative Timesteps":9600768,"Timestep Consumption Time":3.9112104000523686,"Policy Update Magnitude":0.022671153768897057,"Value Function Update Magnitude":0.04411777108907699,"PPO Batch Consumption Time":0.45764251550038654,"SB3 Clip Fraction":0,"_timestamp":1.7575279041871643e+09,"Policy Entropy":0.8518592665592829,"Collected Steps per Second":10370.526044848784,"Overall Steps per Second":7378.02301009752,"_step":98,"_runtime":1538,"Timesteps Collected":100004,"Policy Reward":641.4317219802862}