{
    "cumulative_timesteps": 7000580,
    "cumulative_model_updates": 410,
    "policy_average_reward": 980.3378370378082,
    "epoch": 69,
    "ts_since_last_save": 1000072,
    "reward_running_stats": {
        "mean": [
            0.8246597051620483
        ],
        "var": [
            52432.109375
        ],
        "shape": [
            1
        ],
        "count": 10500
    },
    "obs_running_stats": {
        "mean": [
            3.1158890578808496e-07,
            -3.5625453165266663e-07,
            94.20579528808594,
            3.770762369015301e-09,
            2.094283857445589e-09,
            0.0025999569334089756,
            7.183802164245634e-11,
            3.020481781357276e-11,
            0.00646858848631382,
            18.868755340576172,
            -75.20836639404297,
            103.47509765625,
            0.0008492949418723583,
            0.002151158172637224,
            0.0033250406850129366,
            -0.0007046576938591897,
            0.001133213983848691,
            0.2128915786743164,
            -0.2946535348892212,
            4.3817338943481445,
            -0.008374628610908985,
            0.010715178214013577,
            0.017507625743746758,
            -0.0006662331288680434,
            2.936671257019043,
            -18.88779640197754,
            75.18507385253906,
            -0.5680506825447083,
            -3.793063640955552e-08,
            4.232632377920709e-08,
            0.004396450240164995
        ],
        "var": [
            3199537774592.0,
            6163813367808.0,
            314307616.0,
            10710450176.0,
            10080774144.0,
            533954752.0,
            741978.3125,
            900850.1875,
            1443912.5,
            5455924428800.0,
            10744535973888.0,
            11367537664.0,
            382441.34375,
            402866.53125,
            214392.984375,
            280090.65625,
            271602.5,
            402760.09375,
            276689092608.0,
            288569425920.0,
            39557812224.0,
            8401451.0,
            8649666.0,
            2592341.5,
            179288192.0,
            5619628638208.0,
            10805923807232.0,
            11238296576.0,
            277231894528.0,
            288118964224.0,
            39180054528.0
        ],
        "shape": [
            31
        ],
        "count": 1000122
    },
    "wandb_run_id": "wkdb3ydi",
    "wandb_project": "rlgym-ppo",
    "wandb_entity": "alexfiddament-none",
    "wandb_group": "unnamed-runs",
    "wandb_config": {
        "n_proc": 20,
        "min_inference_size": 18,
        "timestep_limit": 1000000000,
        "exp_buffer_size": 300000,
        "ts_per_iteration": 100000,
        "standardize_returns": true,
        "standardize_obs": true,
        "policy_layer_sizes": [
            2048,
            2048,
            1024,
            1024
        ],
        "critic_layer_sizes": [
            2048,
            2048,
            1024,
            1024
        ],
        "ppo_epochs": 2,
        "ppo_batch_size": 100000,
        "ppo_minibatch_size": 50000,
        "ppo_ent_coef": 0.01,
        "ppo_clip_range": 0.2,
        "gae_lambda": 0.95,
        "gae_gamma": 0.99,
        "policy_lr": 1e-05,
        "critic_lr": 1e-05,
        "shm_buffer_size": 8192
    }
}