{
    "cumulative_timesteps": 8000666,
    "cumulative_model_updates": 470,
    "policy_average_reward": 994.1704965458736,
    "epoch": 79,
    "ts_since_last_save": 1000086,
    "reward_running_stats": {
        "mean": [
            0.7996445298194885
        ],
        "var": [
            53855.88671875
        ],
        "shape": [
            1
        ],
        "count": 12000
    },
    "obs_running_stats": {
        "mean": [
            1.9325698019656556e-07,
            -8.395456347898289e-07,
            94.32075500488281,
            4.603546432946359e-09,
            1.2502225921195986e-09,
            0.002289353171363473,
            6.225792797964758e-11,
            3.503911744084931e-11,
            0.020637573674321175,
            28.821401596069336,
            -67.36096954345703,
            102.82166290283203,
            -0.002087633591145277,
            0.0020316271111369133,
            0.0034689337480813265,
            -0.0011916884686797857,
            0.0012657115003094077,
            0.2106168568134308,
            0.3013833463191986,
            4.0502238273620605,
            0.012783847749233246,
            0.011362291872501373,
            0.01964331977069378,
            -0.001944205374456942,
            2.932912826538086,
            -28.840917587280273,
            67.33909606933594,
            -0.5449784994125366,
            -2.9218606201197872e-08,
            3.821890715016707e-08,
            0.03221294283866882
        ],
        "var": [
            3833688489984.0,
            7256166891520.0,
            342808832.0,
            11625690112.0,
            11486181376.0,
            598751616.0,
            858051.625,
            991163.1875,
            1731583.0,
            6235627716608.0,
            12227305275392.0,
            12715124736.0,
            437220.9375,
            459984.5,
            245243.515625,
            320479.78125,
            310553.46875,
            460765.25,
            316145008640.0,
            330694557696.0,
            44735037440.0,
            9624614.0,
            9923998.0,
            2997549.0,
            205547968.0,
            6444657147904.0,
            12236508626944.0,
            12608617472.0,
            311632330752.0,
            328389394432.0,
            44317593600.0
        ],
        "shape": [
            31
        ],
        "count": 1142992
    },
    "wandb_run_id": "wkdb3ydi",
    "wandb_project": "rlgym-ppo",
    "wandb_entity": "alexfiddament-none",
    "wandb_group": "unnamed-runs",
    "wandb_config": {
        "n_proc": 20,
        "min_inference_size": 18,
        "timestep_limit": 1000000000,
        "exp_buffer_size": 300000,
        "ts_per_iteration": 100000,
        "standardize_returns": true,
        "standardize_obs": true,
        "policy_layer_sizes": [
            2048,
            2048,
            1024,
            1024
        ],
        "critic_layer_sizes": [
            2048,
            2048,
            1024,
            1024
        ],
        "ppo_epochs": 2,
        "ppo_batch_size": 100000,
        "ppo_minibatch_size": 50000,
        "ppo_ent_coef": 0.01,
        "ppo_clip_range": 0.2,
        "gae_lambda": 0.95,
        "gae_gamma": 0.99,
        "policy_lr": 1e-05,
        "critic_lr": 1e-05,
        "shm_buffer_size": 8192
    }
}